site,label_site,mutation,mut_Rate,wildtype
487,487,I,0.523488686,N
487,487,K,0.2639301,N
487,487,M,0.007650148,N
487,487,R,0.007650148,N
487,487,S,0.304913034,N
487,487,T,0.368846412,N
