site,wild type,mutation,mut_value
487,N,I,0.523488686
487,N,K,0.2639301
487,N,M,0.007650148
487,N,R,0.007650148
487,N,S,0.304913034
487,N,T,0.368846412
