site,mutation,Mutation_Rate,wildtype,protein_chain,protein_site
487,I,0.523488686,N,A,159
487,K,0.2639301,N,A,159
487,M,0.007650148,N,A,159
487,R,0.007650148,N,A,159
487,S,0.304913034,N,A,159
487,T,0.368846412,N,A,159
